cell,genetic_perturbation,fishers_exact_statistic,fishers_exact_pvalue
A549,CRISPR,0.9027794210989001,1.782915158732602e-10
A549,ORF,0.8993748721631027,2.3176369962832642e-10
U2OS,CRISPR,1.0238949491451457,0.1969550324488537
U2OS,ORF,0.9262570779557823,2.349143957729516e-05
