cell,genetic_perturbation,fishers_exact_statistic,fishers_exact_pvalue
A549,CRISPR,0.9027794210989001,<0.05
A549,ORF,0.8993748721631027,<0.05
U2OS,CRISPR,1.0238949491451457,0.20
U2OS,ORF,0.9262570779557823,<0.05
