cell,genetic_perturbation,fishers_exact_statistic,fishers_exact_pvalue
A549,CRISPR,2.034865645125472,4.505718311879544e-07
A549,ORF,2.194037695561122,6.530609568820042e-08
U2OS,CRISPR,2.814885660617967,1.004783644432811e-13
U2OS,ORF,2.6386813186813187,4.511554838534112e-12
