cell,fishers_exact_statistic,fishers_exact_pvalue
U2OS,2.6415640994005507,9.402652461409395e-23
A549,2.1938864558897704,6.527664430956039e-15
