cell,fishers_exact_statistic,fishers_exact_pvalue
U2OS,2.6415640994005507,<0.05
A549,2.1938864558897704,<0.05
