cell,genetic_perturbation,fishers_exact_statistic,fishers_exact_pvalue
A549,CRISPR,2.034865645125472,<0.05
A549,ORF,2.194037695561122,<0.05
U2OS,CRISPR,2.814885660617967,<0.05
U2OS,ORF,2.6386813186813187,<0.05
